question_id,a,b
108260469635,1.50056943010178,-1.33658109187045
108260472241,1.37134564525755,-1.47688855979723
108260475788,1.12266744831467,-1.11630410471328
108260525582,0.766109871967932,-1.26668828359545
108260526865,1.22060778620972,-1.83134347467551
108260664105,0.296353107096877,-2.60786126959733
109376450641,2.05701317127931,-1.58191006490912
109376451815,1.34717861975966,-1.95253867680806
109377546617,0.447150126551492,-2.25546979112974
201189598160_a,0.702982944706269,-2.00981949037638
201189598160_b,0.866935013059155,-2.91055263528219
201202528385,1.2653741232611,-0.878013686361443
201202529744,0.795927814638891,-1.3099184328073
201536766387,1.05968656700424,-0.612025948186565
201536878569,2.14241012483819,-1.22132296200138
201536882706,0.625207956026221,-1.87687428706461
201536940609,1.3934693695776,-0.339158727178428
201537670347,1.84181595311119,-1.54596279754373
201537687633,1.16532245004687,-0.234717706157751
201537693384,1.24008307277324,-1.02121099113013
201541185494,1.70000198492822,-0.562450344001616
201564218773,0.27698053240842,-1.07286530112937
201564395277,1.83264317247325,-1.9277751796294
201564592646,1.45013934178437,-1.01616370079657
201564742534,0.963732972006489,-0.479867677980641
201567884735,0.61176200755054,-0.904670362694508
201568009920,1.01568701307401,-0.430853583263582
201568021176,0.480381279009063,1.18761281417924
201568468857_a,0.952032654190414,-2.64166479049147
201568468857_b,1.43676050122263,-1.32548744550496
201568468857_c,1.17899221450995,-1.61414740067568
201967222598,0.42828455817884,-2.28979831529378
201977585251,0.991827196441513,-1.26959384007053
201977586102,1.86155163548163,-1.31900589398182
201977597407,1.04251759218086,-0.788335288098709
201977598490,1.50619404565322,-1.46474029145327
201977599495,0.91425899561648,-1.55361719635524
201977600332,0.744052942551898,-0.844459093140948
201977602763,1.23698598124371,-1.22630524379196
201977603304,1.39836871171358,-1.00239461657711
201977604448,1.23702870165027,-1.47105085559972
201977605603,0.770978331603842,-1.07575656314473
201977608217,1.60593653777443,-1.21999665590367
201977609947,1.34073630084019,-1.26470787839392
201977625354,0.84577275484442,-0.971530457788581
202033445928,1.3851051790662,-1.16792817734143
202033446702,2.09230043021685,-1.80160101073459
202033447143,1.65231283083429,-1.55597914047645
202033448823,1.4686013731353,-1.4073987819741
202033449387,1.27370207863534,-1.79395736605707
202033450167,1.62247013909423,-2.01239871832507
202033451601,1.2279918732726,-0.513558010569119
202033452905,1.23255090623111,-0.399304472995836
202033453872,1.44540525720097,-1.4145915981744
202033454374,1.55388394874372,-1.00970654410303
202033455782,1.33630770316719,-0.512983884462778
202033456570,1.55940209443443,-1.0680014488998
202033458584_a,1.86397360085009,-1.34115146604694
202033458584_b,1.89569814842787,-1.38381739954185
202033458584_c,1.44224730905985,-1.45998493855259
202033458584_d,1.48191685852621,-1.42781905844144
202033459390_a,2.58709496317453,-1.03433448073747
202033459390_b,2.02512691026014,-1.38639702130246
202033459390_c,1.85375652455813,-1.29245215731682
202033459390_d,1.0079825626513,-1.3611061589563
202033460918_a,0.904253398607178,-0.588926477465238
202033460918_b,0.925210262742272,-1.77800340580227
202033460918_c,1.90845278866069,-0.986508075939591
202033460918_d,1.25915601643086,-1.21268303904126
202033461922_a,0.840743921809743,-0.158874477326535
202033461922_b,0.441703747147575,-1.11245545231529
202033461922_c,0.656274128520945,-0.554183280018248
202033461922_d,0.547522622804334,-0.327724311872566
202033462931,1.78107568618657,-0.657757617760885
202033463639,1.50011541245003,-0.481136904874988
202033464874,0.538496432466465,0.358299557672666
202033465599,1.32063872938009,-0.288400001539553
202033466511,1.00833952139708,1.30230060124822
202033467491,1.62254619214666,-0.176535816491406
202039776827,1.00533162554549,-1.69916389868009
202039777151,1.09245875910123,-1.89106387892567
202039778933,0.828007420469166,-2.27301031518693
202039779692,1.20415252264497,-1.89616843776542
202039780398,1.68264044253411,-1.80900275102664
202039781333,1.05865449906219,-1.73441901511379
202039782181,0.982465165031032,-1.3274494886743
202039783736,1.00308272609246,-1.9769299043418
202039784204,0.554348146163029,-0.580980431486761
202039785967,0.801045730662053,-1.57135158607337
202039786878,0.90253008773209,-1.66033291441488
202039787770,1.36959887856046,-1.53042426913551
202039788588,1.14732741579196,-1.45170151644803
202039789426,0.910866676125945,-0.93802745126826
202039790874,0.816679630196421,-1.42748976450895
202039791632,1.15355660700873,-1.26931473035085
202039792748,0.966752141890646,-1.30992164743806
202039793876,1.01526538308802,-1.18977569562196
202039794730,0.58025706082562,-0.613780434851789
202039795398,0.56718854882426,-0.552830883501549
202040903653,0.659195468048305,-1.92217207693253
202040904222,0.519352780709091,-2.07231205643805
202040905691,0.862954469483227,-3.15095315003318
202040906193,0.676133162818138,-2.92191468858048
202040907638,0.782633071326488,-4.12969235526795
202040908213,0.736458691412236,-3.89778210517667
202040909535,0.876226621336986,-2.83158154302638
202040910223,0.678483807155926,-1.52062092986282
202040911612,0.655076327498063,-2.60515960641438
202040912740,0.710812811986707,-1.2073008397041
202040913458,0.763956905008706,-1.56409546056794
202040914905,0.748836097043905,-0.860836642787611
202041335594,0.749765303642495,-2.75332846004193
202041336262,1.00587377102468,-2.99448364869142
202041337430,0.822450479402858,-2.43890921021835
202041338247,0.774606786045384,-2.91813864238852
202041339572,1.04555401754229,-2.15782942318607
202041340558,1.01403612895909,-1.97058709869055
202041341871,1.02933480753782,-1.92435341145196
202041342178,1.19667104273711,-1.98200535154802
202041343809,0.976519344683623,-1.99351602183984
202041344917,1.03476125504791,-1.82833406764442
202041449858,0.783717091881209,-2.66318589914646
202041450167,0.778607847259534,-1.36054377148516
202041451477,1.16521639383309,-2.22677292333551
202041452740,1.79924803784758,-1.7000242980692
202041453588,0.601746861764712,1.07933336685133
202041454781,1.57657472441595,-1.67566672215207
202041455945,1.24563497841815,-1.40868086524878
202041456468,1.06481359870255,-1.55979387025822
202041457319,1.35544704620153,-1.63413424245363
202041458369,0.883823982345044,-0.223539021918843
202041459864,1.26333317200618,-1.15698349046229
202041460992,0.669998578996278,-0.47157453700041
202059848228,1.03474910438954,-0.737250633141044
202059849577,1.01649839350014,-1.49207004864934
202059850945,1.49662960387291,-0.271543502013642
202059851215,1.72847593242206,-1.73006557122897
202059852380,1.43277047125928,-1.57892251417042
202059853336,1.2318959714138,-1.78659920874152
202059854108,1.36806656952305,-1.02119288610487
202059855439,0.985768054256813,-0.729557763229386
202059856771,1.42158948804652,-1.5229337367908
202059857977,1.65636493576724,-1.35292565627354
202059858269,1.74689320447501,-0.86526126552061
202059859615,1.1212779318164,-1.48953382202357
202059860165_a,1.7908989961161,-0.0262128636213201
202059860165_b,1.32622046703197,-0.536126777764391
202059860165_c,1.18405384532708,-1.20032477486405
202059860165_d,0.949379002989686,-1.53396340660286
202059861213_a,1.38846940022802,-2.08785672282822
202059861213_b,1.20484475028976,-1.42269467155928
202059861213_c,1.4033132912248,-1.05452310105097
202059861213_d,1.50583639845179,-0.809374662607849
202059862709_a,1.49435559519125,-1.71461046608246
202059862709_b,1.19497539512045,-1.19740853441163
202059862709_c,1.53762864271097,-1.31945991688695
202059862709_d,1.28767404196051,-1.21559431848096
202063016975_a,1.2646706049312,-1.10367172108471
202063016975_b,1.19033153059184,-1.41351961436176
202063016975_c,1.3664933251738,-0.776548709722082
202063016975_d,1.00485740169848,-1.08556030553828
202063017693,1.98108519616591,-0.143108226147734
202063026357,2.32676612840892,0.196449856775642
202063027152,2.23287291814159,0.197933363373017
202063028319,1.58038340026687,0.591145888975996
202063029160,1.36470830378822,-0.613113611212583
202063030658,1.7651201312393,0.192743735662429
202070212607,1.21056129824266,-1.02859677414999
202070213875,0.924651994411117,-1.00532992144625
202070214683,1.46754547909664,-1.36322992799121
202070215972,1.31672473843663,-1.74302742251365
202070216373,0.639714134875817,-1.34713644201271
202070457748,0.670415185712992,-2.61086268198861
202071836604,0.689967651391101,-1.84928747163057
202076691133,0.736284421473236,-1.54240301670582
202123723460,1.04672791388833,-2.10936171436997
202123724705,0.804542795742003,-1.17832605078772
202247678592,1.43328870438216,-1.09948087324094
202247680203,1.08988748968655,-1.79707724312148
202247903687,0.75189777039885,-2.02106801448325
202248014151_a,0.975558591604198,-1.24219718024736
202248014151_b,2.24139334710958,-1.46724121509745
202250193431,1.25997204359671,-0.589941809483505
202250762955,1.58260147831419,-1.40028990504099
202250904334,1.55857654094087,-1.582505526707
202251163813_a,0.957890106051576,-1.59092003296145
202251163813_b,1.46376907434205,-1.05346010346495
202251163813_c,1.37079368453457,-1.44870589512038
202257692536,0.788737674486814,-3.69385904073983
202257740175,1.12238407535122,-2.00619950280712
202263224163,1.62844863390853,-2.08871515850392
202263225120,1.25967558020275,-1.49240302167805
202263227933,2.00720088804704,-1.8188719844685
202263250911,0.0140950388873308,-6.34280521588931
202263251454,0.60375874642061,-0.0958988354252988
202263255439,0.749522566543098,-2.72548813289541
202302675319,0.778875208069741,-1.40464083696187
202302693567,1.22817159096461,-1.90045676016309
202305705634,1.88135179863037,-1.11865956977905
202306352190,1.55290888643948,-0.941418110196284
202313804827,1.13141020246372,-2.08369473815888
202314925402,1.82219382840603,-1.90916968965602
202314927694,1.78579331047297,-1.57903813784679
202314943132,1.44948321703121,-1.76834451877823
202317973881,1.91764962253134,-1.22594793610425
202318031256,1.8566903545379,-1.50981407324255
202327168333_a,1.85492388143297,-0.806103892425725
202327168333_b,1.91164554156796,-0.808096645378267
202327168333_c,2.0643506628883,-0.69752550886412
202327168333_d,1.92708752537421,-0.694780533588536
202391348355,1.50849891885627,-1.87053712615894
202392620804_a,1.31526560801371,-1.19989527882861
202392620804_b,0.68633740349931,-1.69680436794952
202393155322_a,1.24550965997344,-2.00108290897372
202393155322_b,1.58396888322843,-1.41057214291493
202393162485,1.40544657761365,-1.97631087460563
202393412991,1.32481638286231,-1.79860859618211
202393518105,0.891495222716184,-1.56459767789451
202397998891_a,0.715046343204163,-2.56983412317962
202397998891_b,0.518984415005065,-2.61935844920522
202397998891_c,0.0244652625270647,33.912303151884
202397998891_d,0.591755157808439,-3.02312129448878
202439705307_a,1.53412721794902,-1.69878717281765
202439705307_b,1.70826647661597,-1.59754772485731
202439705307_c,1.43516920318752,-1.93052162644271
202439705307_d,1.46546775188494,-0.858853192941523
202439705307_e,1.42688426358481,-1.19497556223973
202439705307_f,1.94562309778558,-1.51504103646203
202439705307_g,1.78046925819176,-1.15277166450384
202439705307_h,0.783672225688732,-0.031615684967148
202439705307_i,1.79267061618267,-1.44070632636542
202439705307_j,1.51309807119701,-1.36358141166844
202439705307_k,1.57466675736917,-1.3770384367525
202439705307_l,1.62578499999015,-1.43739023424353
202439706433_a,1.49041979362652,-0.390360973827931
202439706433_b,1.4254827683784,-0.391637962606131
202439706433_c,1.2885598442113,-0.179468568566166
202439706433_d,1.3593815343875,0.66080564542459
202439707644_a,1.77124401437403,-0.85359120123144
202439707644_b,1.34628898063238,-0.172572884488957
202439707644_c,1.56016704924151,0.658549933015736
202439707644_d,1.86716000241911,0.00426638129789049
202439707644_e,1.60759515558589,-0.121879714147246
202439707644_f,1.53468985855648,-0.48317515565632
202440158969_a,1.20958985938569,-1.57850521714289
202440158969_b,1.4182831781671,-1.74739795848983
202440158969_c,1.36340789670308,-1.33425793001954
202440158969_d,1.18367859725361,-1.16244973129441
202440158969_e,1.92554927579504,-1.48724079269483
202440158969_f,2.18242030467412,-1.26853078691365
202440158969_g,1.4285263262898,-1.2481353843735
202440158969_h,1.72444194650035,-1.6020994697866
202440158969_i,1.68005731004812,-1.52620419125026
202440158969_j,1.03494043670787,-1.95431736976251
202440158969_k,1.91010904271209,-1.48655180214212
202440158969_l,1.82822454700586,-1.4991937813453
202440159186_a,1.63089146840089,-0.313342800548265
202440159186_b,1.75075553922456,-0.483769675351578
202440159186_c,1.72386793647207,-0.478256486155096
202440159186_d,1.60012859618671,-0.196173974578112
202440159186_e,1.42002083808612,-0.645520419231323
202440160843_a,1.51590740193417,-0.914097892650244
202440160843_b,1.5000030239544,0.109358827550412
202440160843_c,1.57179349053556,-0.603446462536377
202440160843_d,1.36906517132163,-0.0371007238170042
202719435594,1.34944489773027,-0.798691403359062
202726134691,1.4229173075064,-0.511891999768119
202726135289,1.20623693324473,-0.017051803149324
202726136766,1.06223111699009,-0.689214130168452
202726137132,0.926316579727967,-0.0495441910453641
202743203237,0.648173494598083,-2.65701570302671
202743204954,0.957652948869817,-1.30522824011113
202743205509,0.592612347544248,-1.04443028361522
202743206799,1.61075233426911,-0.7426150446625
202743903632,1.00510062055593,-1.70440832368898
202743904481,0.868491417934224,-1.33647048627715
202743906499,0.891774232307747,-2.05682777335558
202744103960_a,1.32971792455788,-1.24453245124211
202744103960_b,1.26028524913173,-1.19020037480506
202744103960_c,1.34109162613099,-0.710584179670251
202744103960_d,1.33141097069698,-0.748365763105439
202744104846,1.09937936362571,0.312880860001472
202744105364,0.829972470404544,-0.0603415808034822
202759630752,1.10215489991371,-0.924295487979293
202770799749,1.68491432300228,1.17888480010728
202770800570_a,1.01727149293103,-1.40855288006376
202770800570_b,0.616628099070791,-0.426466369742445
202770800570_c,0.558294378482652,-0.143317689872392
202770800570_d,0.933050619844672,-0.0310680734332353
202770809517_a,1.24376598354391,-0.368934374126749
202770809517_b,0.868485892267747,-0.939936319173744
202770809517_c,1.12495894459065,-0.530404557016961
202770809517_d,0.601589147339372,0.1189139684944
202770810626,0.82513700328145,0.174280908518518
202771164316,1.21855468325806,1.7353825866336
202781727770,0.978028885944583,-2.1837714975238
202781728595,0.577083292494,-2.36428556616893
202783449480,0.98468959134023,-0.658765833014193
202783450472,0.646351145423303,-3.5129266702175
202786354986,0.516956782193225,-0.42943298763445
202786373660,1.50793465362905,1.72111061415919
202786379299,1.00893736234514,0.545015462425435
202894210112,1.24002504357612,-1.62690255480809
202895617726,0.939846871688843,-1.63822983803409
202895618577,0.344562802193738,-2.67711014493333
202953753194,0.588628329273111,-0.791006379708478
202953755907,0.706652597307567,-0.399982670097999
202974270622,0.840155710756608,-0.512359419228139
202974299225_a,0.868408363668208,-2.28321593654083
202974299225_b,0.592045430342785,-1.80177099571486
202974299225_c,0.615363472562502,-2.84049420605153
202974299225_d,0.492475933041134,-2.96755842663879
203564281181,0.79434495656768,-2.83761533269594
203565444960,0.835792609349358,-1.83469590076816
203568990529,1.15436448667753,-1.34674810985031
203575222378,1.06230632965277,-1.24969929270038
203630166688,1.3590094848179,-2.27527222626448
203630191970,0.956658704288173,-2.32565223438888
203630199172,1.03511485406149,-3.18040111242952
203630243155,1.07524882682884,-0.357060074774329
203631427295,0.793519056733386,-0.586686030968922
203631439901,0.601523628684774,-1.44342811834054
203636818325_a,0.701957302209859,-0.901809494286791
203636818325_b,1.14572704177152,-1.47174790299113
203636818325_c,1.30437470069915,-0.316855633502426
203636818325_d,0.677550396591494,-0.633102103368919
203636826985_a,1.551310825196,-1.22093235365101
203636826985_b,1.15044808081009,-1.10218344024927
203636826985_c,1.3220441608104,-0.686438464046087
203636826985_d,0.957435677410408,-0.670755637916575
203636828199_a,0.877319999398043,-1.66894061138362
203636828199_b,0.952420163908753,-0.424759634195916
203636828199_c,0.617570946761969,0.106455075638393
203636828199_d,0.909025600855155,-0.525447301686094
203637336284_a,1.18656689141172,-2.06374516631905
203637336284_b,0.958971143281661,-1.79208619835264
203637336284_c,0.829093469375323,-1.8745977458738
203637336284_d,0.376971114464952,-0.825279353760582
203637633543,1.36385888983898,0.616166684017165
203637634686,1.37230489991485,-0.23730065639319
203637636494,0.767776794134637,0.0244561807564753
203637637171,1.09765108423685,0.610690417151977
203638087624,0.707672876162691,-0.705834906479318
203663554309,0.817774384288727,-1.75343963240841
203663814609,1.02010664169815,-1.13611543115052
203668149635,0.634810266304777,-1.91734712864989
203668243979,0.80757800889378,-0.491373762330798
203668830315,1.95691658547364,-0.768119222492067
203670502558_a,0.758032861031569,-2.40410007736687
203670502558_b,0.768438247845069,-1.73766040805505
203670502558_c,0.880529284320243,-1.77836342507061
203670502558_d,0.926112598539907,-1.66399195365715
203670642660_a,1.01495671773017,-1.97577369750641
203670642660_b,1.01858173142083,-1.84678227697058
203670642660_c,0.714035199822683,-1.80797032144136
203670642660_d,0.740133321457329,-1.67242595428889
203670692703_a,1.27540887143278,-1.95171571263691
203670692703_b,0.791814862399693,-1.21805234397709
203670692703_c,0.350557359602454,-0.821614737808166
203670692703_d,0.88990579001842,-1.0477289166545
203724166188,0.582677995523968,-1.57756988817241
203724168559,0.380639514412421,-2.24226739912249
203724174597,0.778576586814217,-1.22333720003108
203724287144,0.743879534287312,-4.07444014988928
203724292711,0.855989143663433,0.966187219577398
203724293909,0.21988707782044,4.22955703872306
203724294251,0.457025185180833,-3.94340396270525
203733766253,1.35556594176408,0.412468306764871
203733845390_a,0.85100682364255,-0.79476909699828
203733845390_b,0.737636046983244,-0.688975163329636
203733845390_c,0.562456640809274,-0.157229170307045
203733845390_d,0.766311147539912,-0.0950443110582819
203733847154_a,0.844617279068536,-1.34071562759116
203733847154_b,0.42679733289175,-1.36721986213344
203733847154_c,0.591278607362019,-1.65554397493517
203733847154_d,0.784133884443928,0.195137119625916
203733885990_a,0.459836549180939,-0.626957003135369
203733885990_b,0.26449658313832,-0.00803342770386892
203733885990_c,0.426149493377119,-0.509288484170688
203733885990_d,0.457145044192887,0.925053382408648
203733930908,1.06145792506216,1.60437451622171
203733931444,1.17984828984533,0.560973090032389
203733938376_a,1.0974221709879,-0.155742066064318
203733938376_b,0.927948322528329,-0.961875317985035
203733938376_c,0.732378662278821,-0.0808045806704942
203733938376_d,0.936874097993817,-0.0777850876618911
203733988243,1.31651971075767,0.779373831666255
203733994987,0.856958507522313,-1.22144585814038
204024952515,-0.28841803594386,2.06760746939622
204024953516,-0.118870047962447,-0.903403648806071
204024954624,-0.5927720358685,3.20853081600681
204024955693,-0.578270240344069,4.80004527958293
204024956934,-0.235161214155407,4.84367881754497
204024957166,-0.327276963983048,4.05604459304305
204024958222,-0.102170533794119,-3.6886192257982
204024959548,-0.274524298997484,-1.630541571037
204024960299,-0.297152206301624,-0.887378341625526
204024961207,-0.136797644608142,1.94130316750491
204024962728,-0.386289684090362,6.36057961746245
204024963265,-0.304464509365874,0.579099648853686
204024964345,-0.388061185405336,4.19970464925384
204024965848,-0.614696127715561,1.92558071111783
204024966327,-0.235833592770007,1.32762970992282
204024967167_a,0.312294145264652,-7.29618846453565
204024967167_b,-0.167482704281928,5.28807363349044
204024967167_c,-0.591053485588739,3.14564563290459
204024967167_d,0.113818885053048,-17.712568272951
204024968873_b,-0.792036716835792,2.90051942762996
204024968873_c,-0.797459644935852,3.19815013998098
204024968873_d,-0.0379665966697098,20.9001396786773
204241895736,1.07366103842625,-2.24229793547434
204241896713,1.36416106050999,-1.69703418561097
204241897935,1.22414211537018,-1.32218959282136
204241898121,1.39081105999407,-0.436567687056705
204241899175,1.28023315240619,-1.40570515057573
204241900245,1.7210188068466,-1.78546446822007
204241901678,1.24213155180871,-1.0997033797791
204241902266,1.51122611133403,-1.77693231459618
204241903865,1.3041134529739,-1.12276276469335
204241904388,1.43056487041325,-1.27659307380052
204241905929,1.50705706816163,-1.41049726737841
204241906387,1.2255485928859,-1.15048807092094
204242126272_a,0.885049872913143,0.267165304861077
204242126272_b,1.21960490890797,-1.14413462517708
204242126272_c,0.843816858052371,-1.77339536400937
204242126272_d,0.779360165200171,-1.3529321724237
204242127166_a,0.833121331854305,-3.50780293094409
204242127166_b,0.962205575564469,-1.92775322888065
204242127166_c,1.01867609725933,-1.36446639237292
204242127166_d,0.964543244177853,-1.22175112637062
204242128732,0.915037832683931,-1.78828919478666
204242129254,1.28891342562458,-0.321663017260436
204242130326,1.1999456386231,-0.15198611605554
204242324573,0.9132421028984,-1.37038654842922
204242390968,1.52002946558508,-1.35269033097781
204242432957,1.24382712347871,-1.88886640245627
204242544338,1.29310281391334,-1.2728033338497
204242652145,0.734294560279782,-0.691865983055621
204242700347,1.41084873306147,-1.58995830485049
204242719857,1.24568126713417,-1.11926466176431
204242756842,0.866515099216335,-1.25255654470562
204242941883,0.863297895220283,-1.14308724034881
204242942599,1.37606893806902,-1.53207329122747
204243062762,1.21956934383988,-1.39626713387674
204243093365,1.70761158453304,-1.26985910590425
204243238798_a,0.960829037685843,0.242167639948879
204243238798_b,0.851187092644492,-1.78204589959659
204243238798_c,1.02336122524002,-1.16420455634352
204243238798_d,0.41642582352809,-1.1002939399614
204243319272,1.59730541328774,-0.611141413551359
204245611244_a,0.731525044694937,-2.84148919643035
204245611244_b,1.22350945276398,-2.0433692334648
204245611244_c,0.534380987733862,-1.35131347334909
204245611244_d,1.2572618332547,-0.540122157919869
204245625428,1.36368193158751,-0.503884898996048
204245643491,1.35157842605937,-0.0457048009570789
204245659514,1.38040161858249,-0.592520046366546
204245688235,1.40971457156736,-0.5591872934781
204251535673,1.03937623710234,-1.72116042973472
204251537931,1.61205758843349,-1.53672888579943
204251554689,1.57385143717671,-1.77087425520549
204251556618,1.47236985879522,-1.55199053824738
204251558157,1.38014607540762,-0.968792537352657
204251560603,1.20075860243641,-1.36398221274608
204251959673,1.16029088869658,-1.22739082811016
204254269594,0.934953733127713,-3.59964171162619
204254270778,1.2342175322923,-3.6858023665463
204254271551,0.593314979766328,-3.72952663339221
204254272681,1.02361641026623,-1.30094056515652
204254273683,0.803735500629463,-3.07035849776505
204254274526,1.44746414912986,-1.34042459713354
204254275622,0.962189419265149,-1.94356342604058
204254276368,1.15790390925588,-0.274051920650956
204254277245,1.53661394419872,-2.28265180543922
204254278778,0.95275955593341,-0.493024672382054
204254279187,0.488452975418183,1.74325023665212
204254280730,0.785881850454497,-1.499789054475
204254281214_a,0.697684227214055,-0.532177805232533
204254281214_b,0.684835895010491,-2.11827642105627
204254281214_c,0.715164201839264,-2.10857780072007
204254281214_d,1.14454233968386,-1.2399598955683
204254282763_a,1.14510365843074,-0.732229473904257
204254282763_b,1.27158382026081,-1.23402859617574
204254282763_c,1.29636274498782,-0.909660998584321
204254282763_d,0.786821704932558,-0.921605846080474
204254283498,1.04550423569243,-0.264925016516152
204254284733,0.930272793230475,-0.94534165759263
204254285861,0.94376770052974,-0.871941502759566
204254286995,1.18332436564157,0.0428772079736231
204257306168,1.46578308733132,-1.20501941890257
204257308442,1.68841259216699,-1.96475320015752
204257309236,0.858732364159165,-1.46579634581416
204257310342,1.59416546510719,-1.13813518369546
204257311340,1.32992420814219,-1.74205357864957
204257312361,1.46804743853369,-1.63259391403494
204257313575,0.87423818288097,-1.88229521197547
204257314814,1.29157623797063,-0.92361104728003
204257316921,1.54184420961429,-1.62516223027252
204257317154,1.28390331871777,-1.96816704961194
204258409844,1.33351577038439,-1.53448343022346
204258410916,1.7663498036554,-1.28780919840341
204258411933,1.2989547647807,-0.669195694249871
204258445598,1.26319110628673,0.0384943288353027
204258456407,1.16507310436204,-1.17532315863747
204258477773,1.90458143213241,-1.5791833665584
204258478817,0.694072856762722,-0.587793156585752
204260836955,1.4311785884206,0.271257967132267
204260837121,1.26662648851161,-0.534909613323043
204260838164,1.20334195022432,0.981110340263546
204260839754,1.67231062125476,0.433238038995456
204260840189_a,1.67736390544421,-1.85466529597371
204260840189_b,1.93038014141009,-1.22424205576295
204260840189_c,1.20322720880203,-1.85128546140691
204260840189_d,1.38393808468963,-1.47543712643083
204260841693_a,1.82380501006828,-0.944293850851418
204260841693_b,0.949896007880263,-1.49721211714872
204260841693_c,0.963090404169945,-1.09707629179714
204260841693_d,0.913999140790419,-1.08142248940515
204261668829,1.08115491772106,-0.0935339092039281
204261670281,1.6511198943652,-0.781612220094889
204261672632,1.23625923147291,0.320072513626202
204261911166,1.33923304693671,0.524313828745342
204261959588_a,0.985768511458602,-2.46971684486783
204261959588_b,1.33338166125893,-1.3102694460378
204261959588_c,0.720785570240335,-2.63243740687965
204261959588_d,1.08803118134822,-0.994646186182098
204274013803,1.38333276928626,-1.54757929315517
204274014637,0.878555106324779,-1.0823471580618
204274015719,1.76443957308066,-1.27548825973595
204274016112,3.7000012063346,-1.63429813833709
204274017829,0.884746152826366,-2.71235950050142
204274018927,1.01500495549389,-0.747718696797036
204274019393,0.860604470962905,-1.59404638029869
204274020868,1.18042414731366,-1.11735770724703
204274021738,1.23843329263745,-0.910571698640839
204274022824,0.527622616110001,-0.772153543764027
204274023130,1.17452122377939,-1.67590554087577
204274024670,1.33506854811618,-0.976727474476248
204274025970_a,0.43223757135732,-2.95334899144414
204274025970_b,0.833326165764281,-1.0965715940101
204274025970_c,0.533205994830438,-0.692881211811177
204274025970_d,0.136653093491311,-2.94786848242498
204274026405_a,0.632535157541624,-1.05316424540324
204274026405_b,-0.217694399235055,4.78072547821855
204274026405_c,0.153688831449333,-1.09340230715913
204274026405_d,0.0688909686244076,-5.78032260505327
204274027845_a,0.730885998477599,-1.46346116685937
204274027845_b,0.365654516975464,-1.00745347801241
204274027845_c,0.578044900672646,-2.10520910507493
204274027845_d,0.149261715898801,-1.4847881935737
204274028709_a,0.962572632717505,-1.09161224383079
204274028709_b,0.724681998174138,-1.53973853163369
204274028709_c,-0.351057976397561,-3.02615142469581
204274028709_d,0.355659873134112,-2.24831449804787
204274031144,1.19794848042554,1.35383827296418
204274032962,0.822533791834728,-0.251514493356372
204274033226,0.857758256274262,0.281821598159617
204274034765,0.289158989094802,6.6810912314619
204274036139,1.50225598380221,-2.15936298614379
204274037984,1.34013346915439,-1.86475846053885
204274038683,1.12620445018733,-1.51468249853075
204274039582,2.34699935865002,-1.84103628607985
204274040957,1.57641682291222,-1.96594563281472
204274041834,1.30710573471566,-1.52273381610023
204274042485,1.05223893990959,-1.0184722614553
204274043711,1.50145674598284,-1.6451818414489
204274044833,1.23615383980683,-2.1765954476758
204274045227,0.848551013387512,-1.09886361029601
204274046108,1.70235480566838,-1.37204592727932
204274047625,0.79487034406305,-1.79822036564848
204274048868_a,1.03517003344014,-1.57179265496299
204274048868_b,0.0173698002803363,-33.9394862639478
204274048868_c,0.572618047186324,-1.85026160156622
204274048868_d,0.756734121107922,-1.23262485255672
204274049107_a,0.468330786312177,-3.01521945966329
204274049107_b,0.343138284930592,0.578041787292861
204274049107_c,0.0834544629666718,-8.07987112552129
204274049107_d,0.392846146113221,-1.62085525422865
204274050330_a,1.41166263120222,-2.04786526427005
204274050330_b,0.253617895986467,-3.94447253936581
204274050330_c,0.655879982808866,-0.126115029702494
204274050330_d,0.81710017982924,-1.47941433617286
204274051220_a,0.734896585077176,-0.549976552255762
204274051220_b,0.450160258299694,-1.82224027861078
204274051220_c,0.603835247301613,-1.06927717276682
204274051220_d,0.348751280669033,-0.20833044095097
204274052736,0.838498611073378,-0.210800635000898
204274053954,1.30672654519381,0.180466675741606
204274054427,1.43476007356606,1.96644292452304
204274055219,0.384489158657963,9.37077924722187
204274056507,0.632881285270781,2.58629222721156
204274058355,0.523622599491391,-0.853396454225855
204274059745,1.48298521884834,-1.67647171221699
204274060669,0.750293528993282,-0.381034328029875
204274061719,0.816806790534575,-0.102157179832343
204274062888,1.57412775839507,-2.1354940013051
204274063800,1.16472174985771,-1.40696129235383
204274064176,1.99609989660844,-1.36171050474316
204274065688,0.392619008053512,2.76608821872289
204274066934,1.15839597870524,-1.23261023906611
204274067977,0.913122708069918,-1.49156007323348
204274068541,0.826133751023902,-1.42937752141715
204274069437,0.452337635555024,0.336551245336618
204274070878_a,0.870716409367947,-1.65629683680232
204274070878_b,1.13234119914533,-1.3103363950388
204274070878_c,1.07010988694131,-1.09607245681065
204274070878_d,0.317851263407141,-1.56405624324052
204274071593_a,0.700001239939903,-2.46378040261086
204274071593_b,0.667277120608537,-0.353171399405332
204274071593_c,0.497891218864873,-1.48912928258307
204274071593_d,0.485131809537261,-0.645205169546391
204274072156_a,0.461206202245901,0.0572229055550349
204274072156_b,0.0644642228777421,0.0130602938417508
204274072156_c,0.707400818283164,-1.5408684675453
204274072156_d,0.118625616125465,-3.24069559821999
204274073100_a,0.80138317759749,-2.0644854182534
204274073100_b,0.58448082492533,-1.95415601221254
204274073100_c,0.0813041965350823,-1.96224923234351
204274073100_d,0.477680246012655,-1.49690092363705
204274074372,0.521451576752113,2.63533383601092
204274076299,1.47272559265422,1.95069083026895
204274077863,1.66951877425802,0.18625232500757
204274078698,1.14050330447831,0.642145310182911
204274079663,1.43765796156181,2.82216152112427
204449090492_a,1.14352146116776,-3.22930707226723
204449090492_b,0.283899894411124,-3.63965418240259
204449090492_c,0.57331812304561,-2.93617922239327
204449090492_d,0.930542097215235,-2.27675594690295
204449090492_e,0.793860806518425,-2.31100723001369
204449090492_f,1.05804614813528,-1.67011837196138
204449091434_a,0.991534200629571,-0.28667849510407
204449091434_b,1.07174057744109,-0.079028358002365
204449092810_a,0.105487829902027,-2.28948905611217
204449092810_b,0.082677631672057,12.853504204781
204449092810_c,0.376619881148082,5.12912180966536
204530605890,0.959901353340995,-1.139179643627
204530606741,0.951646361964804,-2.04681540751493
204530607890,1.19898384656022,-2.1386246290131
204530608405,1.92947818526501,-2.46399097427744
204530609105,0.64297994962932,-5.39589807200001
204530610650,1.25104717558043,-2.02952442879158
204530611250,0.828386404829929,-4.7515606171605
204530612965,0.591166545295065,-2.7506473176424
204530613259,1.21072950226351,-3.36621503133407
204530614493,0.475152282977005,-6.36893272118793
204530615215,1.5588460760912,-2.31583414389149
204530616419,0.379492506803299,-1.85108121015989
204530617239_a,1.8389536632691,-2.2654642617435
204530617239_b,1.58155803322614,-2.00052251415441
204530617239_c,0.493999917250478,-3.40536776245679
204530617239_d,0.62135033687552,-2.56929525483947
204530618706_a,1.92277088679699,-2.15022063286666
204530618706_b,1.64070690965632,-2.06898811877714
204530618706_c,1.17130572903364,-2.28326685001107
204530618706_d,0.854187857367375,-1.61665735979009
204530619946,0.756450024056627,-2.06073313551603
204530620172,0.490063861404557,-0.242211316209501
204530621965,2.03025746176186,-1.98022370146955
204530622379,0.812683049817949,-0.49313757571758
204530623142,-0.137754893181995,9.5660149963336
204530624144,-0.157611558434423,3.61469264389324
204531773160,-0.0381444784795543,84.858107719839
204531774320,0.946831960760312,-1.98871915934337
204531776593,1.11848972371764,-2.83445173125677
204531777841,0.137369512182051,-18.9289031992848
204531778802,1.29540512144942,-2.02179486306191
204531779898,0.981918908135283,-2.41547781568765
204531780970,0.963431422004785,-1.08618488485753
204531781505,1.01981128339099,-3.70432454793195
204531782462,0.590436969576004,-7.20062102273229
204531783320,0.550099269365157,-1.07505322062997
204531784276,0.583915774753027,-3.13062559075183
204531785275_a,0.595794564757013,-2.73058128422587
204531785275_b,0.97501896081553,-2.30753604988939
204531785275_c,1.70432411073747,-2.0256503540225
204531785275_d,0.997364345554635,-2.99623074307891
204531786222_a,2.85775391760576,-2.18957446090257
204531786222_b,1.15619788576885,-2.24870984972768
204531786222_c,0.809018001214012,-2.38285781452247
204531786222_d,0.0680262206506892,-28.3985606598835
204531787755,0.462785216620797,-5.01759549917904
204531788797,0.819724624206245,-1.32860843297265
204531789162,0.369163028319838,-2.93069881421058
204531790279,0.620127242906351,-0.461614515234144
204531791421,-0.349486471868888,2.67477870171444
204531792992,-0.197944439509153,1.34994993590909
204531793457,-0.200961074084049,1.04345440562444
205031312803,0.78824382656268,-3.3183946272876
205031313879,0.68612359957493,-2.34473874296063
205031314569,0.579722682670568,-2.7680858058954
205031315837,0.444864198880106,-4.12495727628617
205031316574,0.757391033958126,-1.67464014143972
205031317320,0.988636297499358,-1.97295782066723
205031318111,0.70165538006426,-1.17806329734796
205031319428,0.399676136926814,-4.07222457728824
205031320793,0.340086655638947,-0.525162766013771
205031321634,0.871857546603937,-2.61725636779624
205031322680,1.50106553272594,-2.58066483648266
205031323541_a,0.909015369219162,-3.8944248474978
205031323541_b,0.619330853006174,-3.95164747037232
205031323541_c,1.04048973046044,-2.8702878145804
205031323541_d,0.764619192535455,-3.33320345625127
205031324498_a,1.32806719966536,-2.83798193928848
205031324498_b,1.37052871968433,-2.45572716135019
205031324498_c,0.712124188071077,-3.39462225585063
205031324498_d,0.352549009789645,-0.868696726331038
205031325844,0.713297632924991,-1.49238488882403
205031326328,1.109810411864,1.85301844738948
205111098268,1.29511101105578,-1.61616724772309
205111099962,0.797110901029168,-1.66626515077613
205111100634,0.414532298737393,-2.32790229691331
205111102656,0.684531484872839,-1.66684034198397
205111104543,0.818666644747825,-2.02417708733789
205111107405,1.53336232232366,-1.3176302964848
205137282467,1.42711788827438,-2.66531519544231
205137283199,1.72920238602483,-1.30745947048006
205137284477,1.15390027078528,-1.57691236687405
205137285132,1.30370745761503,-1.6129563842686
205137286813,1.51672343379443,-2.03826128914304
205137287868,0.71629137737633,-1.91421710926154
205137288926,1.42295749960705,-2.04960368877167
205137289815,1.28396585254339,-1.9030679265667
205137290872,0.968413151593254,-2.15983793709826
205137291339,0.928993670834168,-1.63957908061404
205137292578,1.05838552093232,-1.34543228818054
205137293429,1.32636134673697,-1.06310501687676
205137294256_a,0.844973431753873,-1.73897217195787
205137294256_b,1.16415058073923,-1.79774568050829
205137294256_c,1.17303504515408,-1.27897796569551
205137294256_d,1.27444391638028,-1.22081996258266
205137295462_a,1.79763338145889,-1.85827702030053
205137295462_b,1.56688959656142,-1.48359315222418
205137295462_c,1.25687218026296,-1.2201968313638
205137295462_d,1.44486463630338,-1.45986609202235
205137296435,1.49790393529176,0.293433537434409
205137297741,1.65277365299866,0.143349107900958
205137298829,1.72113542034039,-0.764286232364702
205137299258,1.43459319018025,-0.61980916825238
205146333631_a,0.631322199346967,-1.91459021522758
205146333631_b,0.623951985815331,-1.27223971331385
205146333631_c,0.803848443593443,-1.89226153186351
205146333631_d,1.13824418202663,-1.84541065881477
205146333631_e,0.781405224067577,-2.67827304214527
205146333631_f,1.45930550784717,-0.797747469329302
205146334250_a,1.00027165990777,-0.0904110441814425
205146334250_b,0.841377574582314,-0.607104659204392
205146335930_a,1.26804690480531,1.11166383345547
205146335930_b,0.889553844191605,-1.25864441351454
205146335930_c,1.05677302435859,0.238334759618347
