question_id,a,b,bad_flag
108261745995_a,0.420199679940979,-1.38611105698777,ok
108261745995_b,0.296193314466827,-1.9824394952714,ok
108261745995_c,0.186473717868124,-2.05756237436877,ok
108261745995_d,0.567631592812804,-0.394308576830038,ok
108261789650,0.663320343033648,-0.817553352636153,ok
108261837168,1.02959255503725,-1.28669525265591,ok
108261839238_a,1.80347089321631,-0.505095823114068,ok
108261839238_b,1.77032240073401,-0.367192237638943,ok
108261840832_a,3.70351424810956,-0.925554741939713,ok
108261840832_b,3.91934295192057,-0.9756304993182,ok
108261840832_c,3.46371712859513,-0.92165370040301,ok
108261840832_d,4.36491882605674,-0.783565677904116,high_a
108261840832_e,3.66659437308359,-0.856725081507226,ok
108261840832_f,2.65344030915277,-0.843389798307018,ok
108261840832_g,3.40346594732728,-0.799276026919736,ok
108261840832_h,3.16095063172736,-0.665775646083719,ok
108261841178_a,3.95764592639264,0.546814436853737,ok
108261841178_b,3.36906404534744,0.628728111711744,ok
108261841178_c,4.44798529810719,0.528875702156428,high_a
108261841178_d,4.95804060160491,0.553319225682545,high_a
108261841178_e,3.66018548336905,0.520408417003028,ok
108261841178_f,3.56536052529669,0.58840156655768,ok
108261842334,1.2828337353286,-0.572339678805748,ok
108261843918,0.847928523056056,-0.331178571479369,ok
108261844545_a,2.36611370496489,0.0146354822338465,ok
108261844545_b,2.50187738111696,0.0164092682152575,ok
108261845966,0.884611023466786,-0.506875754899503,ok
108261846529,1.29247745901716,0.262522763160808,ok
108261848730,1.2651401883773,-0.520558004131549,ok
108261849265_a,1.79448347097176,-0.20131535312469,ok
108261849265_b,1.31444227325905,-0.519432714670731,ok
108261850884,1.53445590808008,-1.49298215526791,ok
108261854379_a,5.03965628174892,0.0641541521850923,high_a
108261854379_b,3.10966133127056,0.28784079424772,ok
108261854379_c,4.22145397360694,0.252530772648817,high_a
108261854379_d,5.12976963928559,0.096399968180206,high_a
108262156902,1.88169978206778,-0.955279526430687,ok
108262416108,1.65357790135476,-0.48247997884468,ok
108263408174,0.941198231576446,-1.33990558564043,ok
108263491755,0.994045934835843,1.48675099422628,ok
108263492890_a,0.567226408497403,1.36058471386491,ok
108263492890_b,0.571601983421415,1.19112152200283,ok
108263499855,0.37732862591394,1.0064970440955,ok
109383211474,0.938314173881433,-1.02741788822792,ok
109402902256,1.19968946493711,-1.57961511452324,ok
109428343936,0.622423669700544,-1.37658266892407,ok
109476039113,0.578562629807973,-0.53902777141692,ok
109476641967,0.907264265151847,-1.47406272347639,ok
109476651797,0.667637699697624,-1.30785599276683,ok
109476653678,1.15845126224778,-1.01420433786418,ok
109476764573,0.854087685806583,-1.8231948679018,ok
109500056430,1.37719411567338,-1.09241240839018,ok
109500059689,0.814433841788794,-1.07031698381851,ok
109500065786,0.578361068451129,-1.69624625404653,ok
109500188244,1.30762895117171,-0.97022183767328,ok
109502461200,0.608868082679381,-1.87194801379184,ok
109503738980,0.832131629836596,-0.242537902842007,ok
200195170478,1.22632474101121,-1.62589567642093,ok
200195171840,0.498014587736585,0.221311751755384,ok
200195172147,0.436050866374065,-0.362284565769592,ok
200195173881,1.02270625707812,-1.88882988203642,ok
200195174717,0.712993407750582,-1.23262502300093,ok
200195176156,1.26407133481334,-1.48241305722728,ok
200195188458,0.875974147149722,-1.46629846370396,ok
200195189567,1.09286364808644,-1.36650870960243,ok
200195190588,0.843368164635355,-1.24807702446238,ok
200195191570,1.04320196922691,-2.02764673244242,ok
200195192285,0.737756310917688,-2.51146712358014,ok
200195193837,0.43731307067395,-0.914421999846396,ok
200195194106,1.11325579811165,-1.36760534726704,ok
200205361295,0.838867863934208,-1.73886965569524,ok
200205386888,1.46600646443388,-1.71829097570967,ok
200205414925,0.778832145791318,-0.836279129734813,ok
200205436118,1.08396078369892,-1.5579809923497,ok
200205447733,1.08973774347966,-1.1068270424586,ok
200209126263,1.0863889535253,-1.29594775663674,ok
200209264760,2.63922523568779,-1.34134127421576,ok
200209278759,0.986742725786659,-1.08564682318177,ok
200210813695,1.22800554960852,-1.36550228612766,ok
200210817801,1.82364382107047,-1.14089566805905,ok
200210818839,1.36610087299895,-1.05483078315949,ok
200210822502,1.1735807374819,-1.02616678738698,ok
200211070810,2.04600789024055,-1.24943025440205,ok
200211334754,1.08411418767695,-1.97988150108081,ok
200211343266,1.2480478840345,-0.658210451829459,ok
200229430305,0.683697264627155,-2.5549134393318,ok
200229485388,1.96411568077954,-1.55487452034273,ok
200229488858,1.21061739626624,-1.18956223081173,ok
200229515656,1.79679932924591,-1.38937697708634,ok
200229517628,1.69331060532712,-0.705495588200156,ok
200229554906,0.917438972512038,-1.68524820640975,ok
200229565358,0.468864792828247,-0.948223467731934,ok
200229625202,0.869108248727466,-1.18663383549297,ok
200258360632,1.10183876711506,-1.76871897725749,ok
200258361407,1.00373785727018,-1.95303697699621,ok
200278919566_a,0.749753833368058,-0.832460871474431,ok
200278919566_b,0.52253072362481,-1.85182946125061,ok
200315242756,0.762816130997558,-1.60438483366819,ok
200315249188,0.649108778836154,-2.04880806965896,ok
200315284456,0.576915544453265,-0.71207050767492,ok
200315285157,1.20578829132015,-1.30985209705538,ok
200315287132,1.32871102994799,-0.663153213525677,ok
200315289423,1.3239145265987,-0.602659653975788,ok
200315295265,0.767886706329699,-2.54460905435731,ok
200315643224,1.08861494840552,-0.985772003545026,ok
200315646766,0.804701128721804,-1.34093613165145,ok
200315647739,0.872912836104994,-1.95017595356279,ok
200315662758,0.811588543202068,-1.09245357413669,ok
200315663223,0.857794564081815,-2.41879116066069,ok
200316230686,0.669925682492951,-0.527437864647041,ok
200316231465,1.12036198886319,-1.30002207015311,ok
200320809924,0.801381836194994,0.0159652043439848,ok
200320814167,1.05395999642037,-0.143060570246942,ok
200320816596,0.80163145876884,-1.01741560573308,ok
200320818300,0.250324340778715,-1.14523830280287,ok
200320825705,1.19624678821207,-0.403390741871149,ok
200320828535,1.02784842023592,-0.579303924797157,ok
200320833321,1.12701752512048,-0.471273160708329,ok
200320834895,0.822367046943621,-1.25901703608013,ok
200320836372_a,1.44019908908269,-0.236148368555476,ok
200320836372_b,1.28292334682473,-0.123503686532277,ok
200320841137,0.655483357220337,-0.232104131529205,ok
200320843347,0.919926474979431,-1.72256531993863,ok
200320928550,0.412655318274468,1.69848775940989,ok
200320929266,1.04221185599377,-1.38177173101006,ok
200320936895,0.327505686763959,0.291284210822809,ok
200320939696,1.07391969631843,-1.41684741471378,ok
200320944508,1.02300679734878,-1.28423088235209,ok
200320950595,1.301785498862,-0.119466227929382,ok
200320951309,0.703513474451508,-0.163407547204465,ok
200320984317,1.06926646164748,-1.04975661126729,ok
200320987662,0.631580402749587,-1.81577735126551,ok
200321015272,0.961019301258831,-0.366685979403795,ok
200321057501,1.05138029729898,0.0128067953384772,ok
200321165457,0.728626289944449,1.0610622826961,ok
200323253534,0.71974150603206,-0.287314431853598,ok
200333553480,0.786046882705753,1.68383428286495,ok
200333594739_a,0.469398821228497,1.88839209651237,ok
200333594739_b,1.39655365169278,-0.752979983829648,ok
200333594739_c,1.2579246799953,-0.208136219323458,ok
200333594739_d,1.57741008985452,-0.226537479410756,ok
200333594739_e,0.508075686303854,2.13701511850792,ok
200333594739_f,1.29713619475328,-0.237807517206788,ok
200333619992,1.01645555243147,-2.11116760987289,ok
200333637830,0.626010434129647,-0.218585518053005,ok
200333638106,0.794718292515433,-0.952862283276437,ok
200333640981,1.28537284949985,-0.858342028671124,ok
200333657561,1.20877914898013,-1.12209871150079,ok
200333682878,0.827787410165897,-0.770446452551339,ok
200334446220,1.01436698586391,-1.10905272279997,ok
200334456637,0.85183581337244,-1.44006382760532,ok
200334460820,1.15633312552451,-1.55441099804173,ok
200336625339,1.55808130004017,-1.42734950444859,ok
200336771435,1.0248328894317,-1.87949005392353,ok
200336773365,0.960567823386418,-1.36511949722228,ok
200336776515,0.966664005296833,-1.46468797737584,ok
200336777887,1.29170605893478,-1.23436205796049,ok
200336780550,1.52055445511814,-1.05273761198307,ok
200336791613,0.728698555783002,-1.41419651598891,ok
200336964779,1.09555048930761,-1.46477416943052,ok
200337323616,1.63757194814042,-1.4509812735908,ok
200337742975,1.59764825390922,-1.39665503486912,ok
200339723797,1.57658034585851,-1.37167884173894,ok
200339725436,0.77779487115127,-1.48089737559707,ok
200339727927,0.938586606073644,-1.55939460034334,ok
200339732835,0.898202291770455,-1.17248008220741,ok
200339734295,0.66932160514602,-1.45356565955164,ok
200339735927,0.755306465987452,-1.6912781741322,ok
200339737931,0.743679983869832,-1.53446925926538,ok
200339951591,0.580968292425301,-1.27824707427176,ok
200339963336,0.926788235613898,-0.952497119057915,ok
200339965142,0.86042771261953,-0.797045755590609,ok
200340067429,1.11096747655744,-1.19166367420272,ok
200340076949,0.192720650277073,3.15394159543061,ok
200340077276,-0.0194245416875055,-54.5628348240094,low_a
200340420469,1.33790883453604,-1.33836761422648,ok
200340421763,0.944604364114173,-1.05202287797499,ok
200340422342,0.786071139232671,-0.653536792649299,ok
200340423699,0.852434498774985,0.0476428737242154,ok
200340424294,0.588941828509205,-1.03009866537762,ok
200340425781,1.00931828627168,-1.23096742594404,ok
200340426380,0.959302363710916,-0.702949722979734,ok
200340427795,1.31539862009103,-0.420183906359711,ok
200340428190,1.26288235199455,-0.954029486327472,ok
200340443206,1.43762383725694,-1.11356738153145,ok
200340444549,0.786432621651402,-1.21940354928491,ok
200340449782,0.635179237914394,-0.978174232322028,ok
200340455101,0.871742813595319,-0.105577803625353,ok
200340456758,0.932975326118004,-1.19278070026809,ok
200355256583,0.589233775684948,0.374204166565437,ok
200355260455_a,1.34417173059899,-1.78281939350967,ok
200355260455_b,1.39775131068114,-1.5861531240327,ok
200355260455_c,1.25797765850525,-1.34401404887788,ok
200355260455_d,1.42462301932526,-1.24472631600956,ok
200355260455_e,1.15870697893249,-1.24650357495097,ok
200355260455_f,1.33168000117096,-1.31039007129298,ok
200355260455_g,1.31233686533245,-1.1247987764675,ok
200355262494_a,1.0655578239154,-1.25498790459469,ok
200355262494_b,0.730873953296624,-2.70635550794094,ok
200355262494_c,0.955364832843098,-1.61139077893839,ok
200355262494_d,0.961781708407486,-1.53933524231253,ok
200355326643,0.662574440983172,-0.914897905102596,ok
200355330149,0.76082422895532,-1.24859047814857,ok
200355331102,1.64681489928636,-1.36473965699909,ok
200355332213,1.25926649105492,-1.14204888340756,ok
200355333831,0.841940199844189,-2.31092787446704,ok
200355335619,1.31721942250663,-0.904943507342394,ok
200355336342,0.906551125973305,-0.932511436389473,ok
200355338535,0.638612056750253,-0.511604813856329,ok
200355340839,0.973384310422129,-1.04073803390445,ok
200355341928,0.934387415803198,-1.39250286604888,ok
200355342966,1.07365568644746,-1.72618807432139,ok
200355343423,1.47170642815018,-1.34464041155028,ok
200355344233,1.17716029808182,-1.25805325025641,ok
200355346610,1.09742804977025,-0.682695872418253,ok
200355347528,1.2141655695568,-1.04171187280139,ok
200355348536,1.53664468094816,-1.50510704031189,ok
200355349508,1.55369135926026,-0.876857217102368,ok
200355350902,1.4191772388723,-1.43129293014084,ok
200355351319,1.35828135079624,-1.22922149275407,ok
200355352195,0.774530148691135,-0.0695097661055898,ok
200355354447,0.609388554826144,-0.047953021092426,ok
200355355533,1.11102205086617,-0.933240057824092,ok
200355357640,1.04307214520862,-1.05121385049671,ok
200355358646,0.724506398127082,0.330165632043044,ok
200355359544,0.626218784506051,-0.282330044939293,ok
200355360493,0.801054301878805,-0.404935970212202,ok
200355361493,0.415784700310242,-0.704137917578424,ok
200355362819,1.21957987965037,-0.768298505530013,ok
200355363157,0.984465927249558,-1.38418052228957,ok
200355365810,1.1279443182299,-0.123034184887218,ok
200355366384,1.71667349880886,-0.775182959792537,ok
200355369386,0.775378055435638,-2.13447796216684,ok
200355371612,0.875044928961703,-1.08100067180737,ok
200355372969,1.1079855772806,-1.15655591028938,ok
200355377772,0.998655837092369,-1.05681136212191,ok
200355378312,0.434285134992279,0.168172053019794,ok
200355380428,0.685715556025924,-0.294246923113267,ok
200355381347,0.849565175349636,-1.26014301425662,ok
200355382572,0.713116213776056,-1.84924529591434,ok
200355383362,1.01756765498872,-0.807471776905084,ok
200355384550,1.21536932565113,-0.702530018475914,ok
200355385331,0.683733998056186,-0.469847632246412,ok
200355386590,0.602920116332589,-0.571106914285325,ok
200355387862,0.352893947633915,-0.907429741446968,ok
200355388538,0.5508318457438,0.171461589173829,ok
200355389493,1.57906541774794,-0.866896822524367,ok
200355390970,0.389181504992464,1.06069641950447,ok
200355392207,-0.0877433674155157,-9.42174071098248,low_a
200358254978,1.55493821695541,-1.61480415255942,ok
200358257402,1.19080764357164,-0.422543939816653,ok
200362499850,1.03090450892749,-2.00363070653632,ok
200363331359,0.43622751062828,-1.10952386027416,ok
200369935992,0.581815959446583,-2.19485444137697,ok
200389974811,1.58718596765376,-0.951297264993488,ok
200390036739,0.822021904969367,-1.29547988744203,ok
200390038190,2.49690890953578,-0.953967169281479,ok
200390040710,1.01277362221416,-0.337000274904378,ok
200390095662,1.11070520099743,-0.79051198255022,ok
200390103284,1.17573989078459,-0.530281706420118,ok
200390263313,0.807814264942872,-0.973878814617931,ok
200419240221,1.01289444477034,-1.4574447191458,ok
200419242342,0.781433011276508,-1.66150724425723,ok
200419289226,1.37616334628103,-2.16064053364096,ok
200420202964_a,0.952829613922033,-2.323911745544,ok
200420202964_b,1.05377623207515,0.0906763259603325,ok
200421111956,1.02733561781656,-1.49191762546944,ok
200421901469,0.886198059618188,-0.392738847584133,ok
200422081633,0.960281245954653,-1.0991094248454,ok
200422195880,1.08408821953163,-1.42927826000112,ok
200422887601,1.41699052651782,-1.67237518590756,ok
200422889126,1.18420471863694,-2.05288071129758,ok
200424192609,1.05843829987653,-1.04205885095271,ok
200424552104,0.732248528541983,-1.70689530180132,ok
200424553200_a,1.22695959025376,-1.08101440306457,ok
200424553200_b,1.20561064674728,-2.12921618484461,ok
200424594849_a,1.14087017436693,-1.11691207445215,ok
200424594849_b,0.870215020504289,-0.412824183941315,ok
200424736686_a,0.820577223338646,-0.183547160648796,ok
200424736686_b,0.986427523677873,-2.56579653466114,ok
200432975756_a,0.737215114686068,-0.527362643515784,ok
200432975756_b,0.812801332244663,-2.05909121316756,ok
200432975756_c,1.11516238195488,-1.49841083189771,ok
200433043669_a,0.978157413363241,0.0339251822423611,ok
200433043669_b,0.756582650082593,-2.26056409257655,ok
200433573597_a,1.11019358469737,-2.39463853507077,ok
200433573597_b,0.935791090455553,-0.946207479133714,ok
200433573597_c,0.961348811346335,-1.9895076046419,ok
200434629316,0.352537389116557,-3.07874227947281,ok
200434659287,0.540192627091452,-5.07987924299164,extreme_b
200434765560,0.757098359778331,-2.38428989620247,ok
200434768339,1.0756308829614,-2.70063393805561,ok
200434869869,0.917656394039388,-1.27284566383279,ok
200435375897_a,0.956871842973072,-1.03860422328447,ok
200435375897_b,1.11637434449842,-1.17479614427709,ok
200435533379_a,1.18512107595998,-2.2469207138454,ok
200435533379_b,1.58199290932349,-1.60657166632381,ok
200435820766_a,1.0687401317303,-1.15486633590909,ok
200435820766_b,1.05493744873152,-0.401460903517634,ok
200436791988_a,1.0520246951107,-0.547274936087262,ok
200436791988_b,1.06965364493739,-0.5697681684036,ok
200440329749_a,1.15372175511925,-1.02034663563487,ok
200440329749_b,1.11160826103275,-1.07062291942952,ok
200441927999_a,1.0750861322233,-0.0400458487763067,ok
200441927999_b,1.04348254310122,-0.0956416096264433,ok
200554675709,0.478383835444017,-3.56470869621366,ok
200554676815,0.800875885941877,-2.94318543643028,ok
200554677145,0.971869990148455,-2.63127135435501,ok
200554678877,0.877563668303417,-3.06649466223375,ok
200554679637,0.652730001669014,-2.24989619518616,ok
200554680386,0.317080918922117,-3.1469964682769,ok
200568228782,1.06462056679532,-1.66611456841083,ok
200568232126,1.32842222019259,-0.693601879816109,ok
200568235888,1.18586741636454,-2.6812944529475,ok
200568241425,1.03886354152855,-1.67292024297565,ok
200568243525,0.835937046277208,-1.28453496570517,ok
200568250459,1.07279812881915,-1.07410294628157,ok
200568258563,0.514233165159538,-1.24945317304863,ok
200568264413,0.554926371093024,-1.36460728408625,ok
200568288720,0.85042180342932,-1.559932682079,ok
200568317950,0.300743252252347,-2.22513013196809,ok
200586466270,0.567387436027524,-1.7515062610584,ok
200586470994,0.733405232885564,-2.67032451778799,ok
200586473337,0.691249481963954,-0.967664866419443,ok
200586527351,0.873392814402252,-2.37463327145547,ok
200586530259,1.04496939935474,-2.43199400144874,ok
200586533731,0.618384230231583,-0.728455988529962,ok
200586535128,0.727149142668337,-2.6030205899701,ok
200586540286,0.761119216089796,-2.01415335881785,ok
200586547600,0.710947872750174,-1.86256729458389,ok
200586612783,0.806320858189264,-1.51731196010166,ok
200586738634,0.700594971010486,-1.12962393240535,ok
200586754580,0.701344741662933,-3.71021069859783,ok
200586836575,0.705353523219848,-3.48445798864738,ok
200586858239,0.356063753793141,-1.9659510349598,ok
200587020789,0.898921851860544,-2.10742508707817,ok
200587026705_a,2.31057530298502,-1.6999562121442,ok
200587026705_b,1.64335535050464,-1.77706113070697,ok
200587026705_c,1.33519670482752,-1.1863659615572,ok
200587036454,1.3198325361341,-1.94059140342626,ok
200587045353,0.858389826286984,-2.51938270023569,ok
200587060563,0.94551307932209,-1.56891766673868,ok
200588473944,0.664998754320136,-2.27370416948861,ok
200599920651,0.843583035812524,-2.64567469676288,ok
200599977522,1.06133165675624,-2.05749858956904,ok
200600271601,0.679335174825037,-1.52345263971972,ok
200603321981,0.876591110235653,-1.74854569668978,ok
200603978718,1.09119988482177,-2.13639566072388,ok
200604387194,0.873756949527967,-1.20105789229431,ok
200607164994_a,0.87435926902719,-1.29005224208821,ok
200607164994_b,0.895894666214779,-2.06156223073097,ok
200607171797,0.940341257041631,-1.8594593108158,ok
200607203820,0.845664088099599,-1.50421767122492,ok
200607673883,0.803025845504786,-1.40641987355766,ok
200607680223,1.39100785128856,-2.15443888994857,ok
200607686846,0.70087854769268,-2.5391753127143,ok
200607692355,1.12100682839238,-2.13223409367157,ok
200608081991,1.21731279909164,-1.62816530252817,ok
200608132851,0.836060439880526,-1.51429627753337,ok
200608137734,0.875991086458023,-1.27487985678205,ok
200608166207,0.485102183373995,-1.53194861755483,ok
200612875291,1.1114145716167,-1.32749480161996,ok
200612878236,1.03606382153273,-1.522734665803,ok
200634998969,0.873937801783128,-2.00616782608292,ok
200634999436,0.491596705383376,-2.13062923085296,ok
200635002600,0.868552480428543,-2.10173338287856,ok
200635005161,0.561690190003355,-1.66232941463679,ok
200639737718,1.06242407033414,-1.88422232398096,ok
200640056675,0.766660797362052,-1.3609866637181,ok
200787674487,0.90758502319427,-1.98063250003833,ok
200787675641,1.097468243578,-2.20106977105637,ok
200787676142,1.12627597010399,-2.43126606513721,ok
200787678162,0.603658989968567,-2.92794461761739,ok
200787686689,0.66545963560926,-1.61816203666013,ok
200945034288,0.724195702542053,-2.60093814393317,ok
200945035363,0.697929483941715,-2.0630694523644,ok
200945036300,0.821726955296462,-1.86734815062816,ok
200945037884,0.618383074224735,-1.47858130750497,ok
200945038132,0.9405760744229,-2.10086724517384,ok
200945039808,0.713542409644865,-1.69201134760223,ok
200945040568,1.08349523450906,-1.87204716342376,ok
200945041259,0.498989327976245,-1.92370478767023,ok
200945042214,0.470789744276935,-1.07505530186833,ok
200945043119,0.908660792942119,-1.90342821143584,ok
200945044937,1.69574814995758,-1.56584936092245,ok
200945045594,1.48289697762549,-1.90583273787012,ok
200945046862,1.24617248275221,-1.64823613253451,ok
200945047629,1.49025421039195,-1.86335140334967,ok
200945048349,1.41732246102936,-1.65515946782912,ok
200945049160,1.32757553860119,-1.45049827414538,ok
200945051585,1.56213074054615,-1.6670146625502,ok
200945052459,1.63123712355703,-1.58678902377831,ok
200945053873,1.47378207060701,-1.29756763044071,ok
200945054833,1.68190177940996,-1.70988114170205,ok
200945055622,1.24853776250704,-1.62140010266441,ok
200945056831,1.25000535211212,-1.17632069893295,ok
200945057669,1.19959251267334,-1.30962198477224,ok
200945058491,0.747043055699344,-1.14377426844308,ok
202035275940,1.25653846764088,-1.62438115083282,ok
202035276808,1.69915524012934,-1.11014463460272,ok
202035277946,1.51399263158196,-1.91539710559354,ok
202035278978,1.50000830639359,-1.7370285337915,ok
202035279302,1.33554055496514,-1.64415557936785,ok
202035281151,1.33733347869152,-0.921573331380051,ok
202035282210,0.873369725157023,-0.392586996319213,ok
202035283837,1.50320467220304,-1.21176074272623,ok
202035284314,1.07006466740117,-1.3856966914188,ok
202035285891,1.1263717455725,-1.56290844763374,ok
202035286444,2.11752211406154,-0.909358852061716,ok
202035287188_a,2.43557990611977,-1.2235676577648,ok
202035287188_b,2.93392537173682,-0.881958236310288,ok
202035287188_c,1.97794603623202,-1.22351176761051,ok
202035287188_d,1.28700694101476,-0.848684582823797,ok
202035288155_a,1.2405964505694,-2.09417168773698,ok
202035288155_b,2.31362854159348,-1.18381099800783,ok
202035288155_c,2.78896376722772,-0.92456510966543,ok
202035288155_d,2.46477314110645,-1.21713213452045,ok
202035289468_a,1.58073118017806,-1.43816923542973,ok
202035289468_b,2.00429319221725,-0.901014502018333,ok
202035289468_c,1.7253728214101,-1.04949723355159,ok
202035289468_d,1.5951494027645,-1.23251882831433,ok
202035290943_a,1.63771045551358,-1.24620319769774,ok
202035290943_b,1.69346756471357,-1.14392596536082,ok
202035290943_c,2.17778974644007,-0.813721809313943,ok
202035290943_d,1.68890610505971,-0.884331918443391,ok
202035291596,2.28927402664132,-0.432175517470146,ok
202035292397,1.25316487589987,0.313437851687455,ok
202035293694,1.84201502703035,-0.537412298289055,ok
202035294685,2.86632049307743,-0.405704243711629,ok
202035295360,1.63505830470307,0.305949625492531,ok
202035296928,1.69997988852467,0.0573998761250352,ok
202035297832,1.75084887229602,-1.21838648529544,ok
202035532626,0.976676029392166,-1.68615102392911,ok
202065634545,1.07094215124692,-1.58590008309184,ok
202065635711,0.879863031314513,-1.60241817334814,ok
202065636742,1.64961802378019,-1.57354354673104,ok
202065637967,1.70820298881051,-1.53091171289768,ok
202065638459,1.12063876803821,-1.54960394555201,ok
202065639557,1.39667603769404,-1.23795464544069,ok
202065640621,0.95061075073214,-0.965415511428206,ok
202065641243,1.76430335317917,-1.30839232579331,ok
202065642544,1.18675357868469,-1.06249194238487,ok
202065643414,1.7008588249644,-1.02959337779442,ok
202065644964,1.38429121066703,-1.16765253527652,ok
202065645737,1.28126302153247,-0.832883407831717,ok
202065647457_a,1.71777558149655,-1.81832661576731,ok
202065647457_b,1.00896251709293,-1.39159378872345,ok
202065647457_c,1.76604212452575,-1.24090470322377,ok
202065647457_d,1.01033317771144,-1.23778835837985,ok
202065648376_a,0.628976422041511,-1.33052298374876,ok
202065648376_b,1.40024702595228,-1.48875884315675,ok
202065648376_c,1.86342119465995,-1.14631790143348,ok
202065648376_d,1.19391200085232,-1.13457553211147,ok
202065649967_a,0.910527741106075,-1.67982478006904,ok
202065649967_b,0.674811481387682,-0.386352981969165,ok
202065649967_c,0.661483621794721,-1.04644147467068,ok
202065649967_d,0.885805957538368,-0.862180121492868,ok
202065651486,1.6815634364548,-0.827849650275573,ok
202065652557,1.19869074289919,0.727694265704725,ok
202065653659,1.87660629785594,-0.430494944840337,ok
202065654376,1.60583434933529,0.0590283273462103,ok
202065655366,1.52773872872343,0.663542624093719,ok
202065656164,1.59406415636732,-0.0630572670383083,ok
202068657319_a,0.764020032745409,1.02724770069763,ok
202068657319_b,1.00806127051439,-0.891587847979239,ok
202068657319_c,0.568341121123631,-0.119498153008104,ok
202068657319_d,0.493675513861127,0.305523506852273,ok
202425791800,0.616333980250289,-2.20380359461348,ok
202425792744,0.719302661318386,-2.45494435925319,ok
202425793976,1.52090639590413,-1.46236902937866,ok
202425794146,0.991701414554378,-1.38595169110083,ok
202425795288,1.23875218526485,-1.20793546563064,ok
202426125193,1.0292671743292,-1.3008671126401,ok
202426126487,1.48344141569031,-1.69410480586146,ok
202426127395,1.21628314525371,-1.14247215453168,ok
202426144153,1.26682095896538,-1.76647433288884,ok
202426374554,1.05675786656929,-1.62409931678356,ok
202426376350,1.32315827862962,-1.04694782688034,ok
202426377643,1.07948717826755,-1.12054347996603,ok
202426378978,1.16219304320243,-0.769757185758171,ok
202426379171,1.17215982019487,-1.04083380934181,ok
202426380961,1.57340325751901,-0.889895722692224,ok
202426686311,2.27928785680727,-1.84556674233591,ok
202426703976,1.11190316963494,-1.77916343142848,ok
202426714494,0.874524353053385,-1.93962083251632,ok
202426715552,0.86117693489749,-1.26531966487294,ok
202426716703,1.57868578364926,-1.40906992904682,ok
202426717465,1.3696954898672,-1.94969911554864,ok
202426718812,1.44687514018927,-1.5725555325453,ok
202426722813,1.22218068920411,-1.97291382432172,ok
202426725154,1.37861079368457,-1.72844075621087,ok
202426726428,1.81621924226936,-1.58402686338089,ok
202426731299,0.788345719020096,-0.48663624547069,ok
202426744445,1.17109740375124,-0.698269529012287,ok
202426745239,0.578990175583988,-0.951621770273544,ok
202426746395,1.34454670951825,-1.30407361472288,ok
202426747894,0.951073664160182,-1.00609982200985,ok
202426748986,1.12311400435102,-0.886449280562606,ok
202426749792,0.906935741426395,-1.44793921927216,ok
202426750870,0.746205370247951,-0.622611594061296,ok
202428495690,1.22840683419385,-1.91465193998162,ok
202428496752,1.19756396501857,-1.64712932036165,ok
202428497252,1.58838723445976,-1.70985616902982,ok
202428498198,1.19948395867207,-1.23117323159679,ok
202428499456,1.57471881097415,-0.986258142114671,ok
202428500100,-0.0361272822408089,4.43767216150845,low_a
202428597567,1.07435211636729,-1.36937282900427,ok
202428598570,1.28755214245328,-1.16011980156814,ok
202428599382,1.24387624298118,-0.815328151627766,ok
202428600116,1.73140578311028,-1.07460281575489,ok
202428601626,1.05529887241073,-1.5774778842334,ok
202428602545,0.877318572686585,-1.38802729490939,ok
202428603228,1.41176263310127,-1.15157968954499,ok
202428653719,1.79503242548978,-1.16190443250554,ok
202428717595,1.22089425171239,-1.05550876543231,ok
202428790141,1.85877763332037,-1.2286044039133,ok
202428792505,1.70641926830753,-1.11580022376763,ok
202428851490,0.750556032750402,-1.200004229039,ok
202428852612,1.60493615116424,-1.22277102739407,ok
202428853929,0.369806479607715,-2.86572723186066,ok
202428854297,1.4555845874376,-1.61089947669268,ok
202428979580,1.26928276796822,-1.53984729048328,ok
202428983849,1.0422265112529,-0.501100876816347,ok
202428984898,1.82864354205118,-1.0883794052471,ok
202428987747,0.837136147575783,-1.25352339434805,ok
202429349128,1.43165583550501,-1.69482304635287,ok
202429350769,1.42330376990809,-0.938198872234885,ok
202429351759,1.14677455194773,-1.44520244649209,ok
202429384930,1.51922929045538,-0.866453020502354,ok
202429385597,1.41982495694672,-0.445431463494885,ok
202429386790,1.49589740227387,-1.01844309212226,ok
202429387712,1.24637444086937,-1.13859726828484,ok
202429388947,1.29115978202091,-1.05032325679397,ok
202429389248,1.23136913645028,-0.903545084787132,ok
202429700421,0.947112989009357,-1.75229368429544,ok
202429702587,0.631399822668556,-2.38850273458217,ok
202429703251,0.740682727716326,-1.44707789747894,ok
202429704622,0.912378894572573,-1.38893007077494,ok
202429706611,1.66514346457504,-1.56522664636357,ok
202429715503,1.07978033091411,-1.76540190293759,ok
202429717930,0.933647465706323,-0.353857586239212,ok
202429718876,1.71138931214429,-1.33828981657729,ok
202429730940,0.116787477020899,8.02392458104021,extreme_b
202429734886,1.49009678150654,-0.85875256758103,ok
202429737802,1.20554224275969,-0.664716235150834,ok
202429768149,1.65505557105834,-1.20519261776771,ok
202431859723_a,0.775092442938242,-1.84069907169627,ok
202431859723_b,1.53466926972907,-0.776966277202021,ok
202431859723_c,0.764786461469919,-1.38883937451096,ok
202431859723_d,0.266009033344162,-2.18457371202198,ok
202431861340_a,0.976041929252793,-0.744347271479982,ok
202431861340_b,0.854767308798925,-1.29195141316524,ok
202431861340_c,0.566617243708199,-1.55680785521539,ok
202431861340_d,0.516856716635414,-1.65053272176716,ok
202431862966_a,0.396663998098905,-2.24763327993319,ok
202431862966_b,0.543048958102209,-1.78708578232452,ok
202431862966_c,0.384039159758095,-2.08424841964034,ok
202431862966_d,1.08977145570922,-1.00214541800008,ok
202431865907_a,1.37577584310458,-1.65552598992973,ok
202431865907_b,0.858837577277663,-0.881863408823294,ok
202431865907_c,1.02637391085245,-1.02160358710932,ok
202431865907_d,1.1312633178466,-0.923956725985226,ok
202440772776,1.55190251501571,-0.364683352930076,ok
202440773487,1.51388189754678,-0.603743957506219,ok
202440774591,1.04958309347129,1.34774856915066,ok
202440775939,1.42967501157305,-0.0293712073244427,ok
202440959999,1.39044163790432,-0.281372622311206,ok
202440960706,1.73177847209547,-0.496561898507071,ok
202440961934,1.38816778199996,-0.32507335457706,ok
202440962548,1.51112431270482,-0.133809651991753,ok
202440963282,0.955936283506681,2.01939638213422,ok
202441255814,1.5276434638665,-0.483845280528745,ok
202441256381,1.15191963577159,-0.0510413930062328,ok
202441257635,1.00560216383457,0.534277972498955,ok
202441258377,1.54119331968371,0.0394354388969872,ok
202441259106,1.04000958655413,0.706830612870222,ok
202441374416,0.284362306697046,10.1663807864897,extreme_b
202441375576,0.912372093057163,0.778548757597218,ok
202441376898,1.25671886321283,0.387630800527899,ok
202441377149,1.02803320799448,1.46376909324661,ok
202441804742_a,1.44847200938737,-1.92699986241362,ok
202441804742_b,1.4701904078415,-0.993291434537067,ok
202441804742_c,1.24188889028956,-1.31419669184907,ok
202441804742_d,0.442563707657324,-0.0873766419172088,ok
202441805649_a,0.741277421560026,-1.98183364845703,ok
202441805649_b,1.82095817225456,-1.12183183571563,ok
202441805649_c,1.37638911518697,-1.28554174226615,ok
202441805649_d,0.834787012954893,-1.03593014283945,ok
202441806328_a,1.36342314821639,-1.94302908246681,ok
202441806328_b,1.15079392761935,-0.940119293731246,ok
202441806328_c,0.489842649697246,-1.22814317225171,ok
202441806328_d,1.12106357920204,-0.954465525567149,ok
202441807184_a,0.660187592038634,-1.65984276956484,ok
202441807184_b,0.59120116007813,-1.45929342127237,ok
202441807184_c,1.30338578712186,-1.11744319687037,ok
202441807184_d,0.342431853117492,-1.25074694140602,ok
202441808448_a,1.53864312659104,-0.814485641825807,ok
202441808448_b,1.05245123209204,-1.43367453125679,ok
202441808448_c,0.625990963896083,-0.82869484366422,ok
202441808448_d,0.503779456470848,-1.30223331536742,ok
202441810386_a,1.28417662126331,-1.71369550203294,ok
202441810386_b,0.379723311146439,-0.904951644511818,ok
202441810386_c,1.26978993948289,-0.998967025425312,ok
202441810386_d,0.437560263080974,-0.944651211708402,ok
202447172880,1.58093401211464,-0.527064123675619,ok
202447173702,1.02115211584739,1.74174367717151,ok
202447174492,1.2371260826637,0.219980008426956,ok
202447231217_a,1.33210615413714,-1.8910009835802,ok
202447231217_b,1.30061609917337,-2.05151348996694,ok
202447231217_c,1.63583446285015,-1.28354384848536,ok
202447231217_d,1.51090510105831,-1.30590782064958,ok
202447232541_a,0.878975081849194,-1.8589247705326,ok
202447232541_b,0.580886924235113,-2.1447083964709,ok
202447232541_c,0.762603770645417,-2.19024067953108,ok
202447232541_d,1.54744016122869,-1.27447476000115,ok
202447233361_a,1.52355180837953,-1.96037786814229,ok
202447233361_b,0.888265462179354,-2.63499356204535,ok
202447233361_c,1.45379295766595,-1.30055602431644,ok
202447233361_d,1.10850406918897,-1.67460363558483,ok
202447352160,1.37750094659814,-1.37715438312391,ok
202447447629,1.37443622047856,-0.0698639693987798,ok
202447448814,1.52695847346712,-0.463121066779542,ok
202447449391,0.787576350557802,3.59436608045038,ok
202497216328,0.654379470992136,-2.7053295061287,ok
202497763968,0.705741398212822,1.55841445424346,ok
202497767463,0.483093756231162,-0.26901682510363,ok
203005231312,0.7226078448668,-0.73418559992227,ok
203005232251,0.780712367535543,-1.64693787616128,ok
203005237476,0.936477120908927,-1.61392360473616,ok
203005248848_a,0.511660479874307,-2.53753122599805,ok
203005248848_b,0.77263130712192,-1.22922619069153,ok
203005248848_c,1.02034991994959,-0.842791077444941,ok
203005248848_d,0.375334339715017,-0.617070644463943,ok
203005250863_a,0.470105177679165,-3.11507908806212,ok
203005250863_b,0.692204953681045,-1.24496897793283,ok
203005250863_c,0.583752291743168,-1.67690373942683,ok
203005250863_d,0.584836875607583,-2.03022482456615,ok
203005261269_a,1.32451446599811,-1.18637750797879,ok
203005261269_b,1.54902486324218,-1.24089253571367,ok
203005261269_c,0.982337926215632,-1.23485720345499,ok
203005261269_d,0.630379857308027,-2.15619056276968,ok
203005269289_a,0.37417250444749,-4.57120908670361,ok
203005269289_b,0.862577301892941,-1.22009603662722,ok
203005269289_c,0.654155133608703,-1.5431771577694,ok
203005269289_d,0.267444096627841,1.70433759924932,ok
203005271110_a,1.04134895307386,-0.879856257668416,ok
203005271110_b,0.738089793809463,-1.3907759047758,ok
203005271110_c,0.755238105873357,-1.20919896249213,ok
203005271110_d,0.741800207053073,-1.40134617779121,ok
203005340254,1.23688335110507,-0.304677163317165,ok
203005341817,1.00838010251405,0.0867490944379841,ok
203005342296,1.4370079187534,-0.052344129301421,ok
203005345799,1.33030192112575,-0.868442871091225,ok
203005349636,0.633489994234521,3.1270306086082,ok
203005351649,0.959564424180081,-0.641648130541843,ok
203005352266,1.35883598215484,-0.0486325063621214,ok
203042000796_a,0.756671587999648,-0.586830661342554,ok
203042000796_b,0.576479296968476,-1.67947247542209,ok
203042000796_c,0.913067352829385,-1.05967140683967,ok
203042000796_d,0.226430223059981,-1.38171975042156,ok
203042039258_a,0.847951453544201,-2.69311609950663,ok
203042039258_b,0.739089335150413,-1.34484883243931,ok
203042039258_c,0.635279188741714,-0.985851730495639,ok
203042039258_d,0.61030770455284,-0.844556168886792,ok
203042040474_a,0.74778201167175,-2.79335290058946,ok
203042040474_b,1.02116145528185,-1.45479641832169,ok
203042040474_c,1.05742221515028,-1.76118843083913,ok
203042040474_d,0.96580206208693,-1.06789935726695,ok
203042041393_a,0.997168049784033,-2.08597174543626,ok
203042041393_b,0.58739062724744,-1.24896492093732,ok
203042041393_c,0.353809286366292,-2.7271920244916,ok
203042041393_d,0.24384390256195,-1.91332347761086,ok
203042045312,0.928351697778341,1.41604122685575,ok
203042050435,1.17484117551564,-0.566891607282194,ok
203050746784,1.10552068608398,-2.24083654592396,ok
203055773526_a,1.19397651651047,-1.68754765053873,ok
203055773526_b,0.503193806740633,-0.356972156461074,ok
203055773526_c,0.64036848141199,-1.65664049016709,ok
203055773526_d,0.910057374450979,-0.887202794978306,ok
203055774146_a,0.44571659147032,-3.40158029551115,ok
203055774146_b,1.03185934311792,-1.43636362495101,ok
203055774146_c,0.498726944945928,0.0422056809343045,ok
203055774146_d,0.182969256033138,0.533113680933955,ok
203055775400_a,0.962167110083124,0.10479785497386,ok
203055775400_b,0.538756433057401,-0.941658946643618,ok
203055775400_c,0.804669887851726,-1.04153182753855,ok
203055775400_d,1.07189598820513,-0.465376703474203,ok
203055776979_a,0.364767120342443,0.946613016280946,ok
203055776979_b,-0.0486633651076689,-1.64429917373071,low_a
203055776979_c,0.600119821333314,-1.26244581964181,ok
203055776979_d,0.527354706070489,-0.750040144323878,ok
203055991585_a,1.08505264610796,-1.89465612439511,ok
203055991585_b,1.23655898089659,-0.864531070560927,ok
203055991585_c,0.835162182651863,-0.931280673521621,ok
203055991585_d,-0.173798592231782,-4.0190765591493,low_a
203055992975_a,0.0467486674706023,-20.3365186425834,low_a
203055992975_b,0.745669735007885,-1.52407892679326,ok
203055992975_c,0.532939302778105,-1.88201964406847,ok
203055992975_d,0.384159763396854,-1.08406148629659,ok
203055994972_a,0.316045154779983,-4.17497946056539,ok
203055994972_b,0.892262792199398,-0.670651627681295,ok
203055994972_c,0.470099822733391,-2.56619480076462,ok
203055994972_d,0.209595352399778,-1.45466102080565,ok
203091678439,1.08696370376318,-1.75131175022152,ok
203091681638,1.20592687821216,-1.25093451765957,ok
203092404936,1.65124733138949,-1.48494227401164,ok
203092410405,1.5393452201233,-1.26594534719834,ok
203092419864,0.973682385790747,-1.5383209302183,ok
203093141763,1.29033605529025,-1.30838842111927,ok
203093143501,0.968403111808069,-1.3424759927449,ok
203093152769_a,1.62819286916641,-2.08276626195185,ok
203093152769_b,0.872959369101893,-1.63776107995918,ok
203093152769_c,1.02299689437555,-2.01595967355797,ok
203093152769_d,1.04364772790459,-1.74477743589682,ok
203093154556_a,1.69508970335134,-2.13339058717992,ok
203093154556_b,1.14488657807186,-1.96785999080487,ok
203093154556_c,1.42629333751185,-1.50717606034337,ok
203093154556_d,1.48023465413602,-1.543775213249,ok
203093296638_a,2.01599347647623,-2.15301154982066,ok
203093296638_b,1.17493417601099,-1.71874516055294,ok
203093296638_c,0.710448789177998,-1.26628469903146,ok
203093296638_d,1.10823212635874,-1.44387424889772,ok
203093297865_a,1.21503794054264,-2.5260652186963,ok
203093297865_b,0.628708784276571,-1.90239839483041,ok
203093297865_c,0.978322381787194,-1.55612192173659,ok
203093297865_d,-0.198872875646171,-1.12342170737298,low_a
203093421160,1.20417739149801,0.787540505070557,ok
203093422140,0.834613329703637,0.944857297707852,ok
203094251612,1.04251694823428,0.563933199305574,ok
203094252818,1.02718695082727,-0.0420486266993064,ok
203094253309,1.15426964219354,0.311185576674833,ok
203094254800,1.38334437550313,1.1878200728595,ok
203094255191,1.13852689499797,0.841706021168875,ok
203094256403,1.36198304240662,1.0003754948182,ok
203094258257,0.124848513324264,17.0142634882327,extreme_b
203094259726,0.956201049957689,0.687637249100906,ok
203094279131,0.98931696859481,2.41239467651165,ok
203094280432,1.15543535824038,0.903858579967363,ok
203094281353,0.8989742763468,0.864129175387279,ok
203100444784,0.773796326052816,-1.46973756096741,ok
203100484528,0.934553098981507,-0.419079240466395,ok
203226883848,0.803841694652162,-1.26899963629391,ok
203226885222,0.588409800491058,2.13851385002216,ok
203474969823,1.19887427059455,-2.00560550042474,ok
203600858303,0.820044786091122,-1.03630738667943,ok
203602086137_a,1.18675075996893,-1.6597968090459,ok
203602086137_b,0.848550885011169,-1.08842324407735,ok
203602086137_c,1.14534540831605,-0.923658133473278,ok
203602086137_d,1.50471012093697,-1.28689241803349,ok
203602133411_a,1.57188924859263,-1.48727933122017,ok
203602133411_b,1.19489976061418,-1.35474577369872,ok
203602133411_c,1.24686719741333,-1.33474262442257,ok
203602133411_d,1.71842909154946,-0.80663325874251,ok
203706142841,0.866620844092753,-0.768080068098422,ok
203706631252,0.761671920305413,0.447385316881126,ok
203715638328,0.597507967864627,1.31700919291821,ok
203716371621,1.12075672620232,-0.289045026101319,ok
203716468550,0.965023260301456,-0.334402059109585,ok
203716469767,1.50324056298685,-0.112229258709486,ok
203718324108,0.753033550606863,-1.30298067993632,ok
203718329464,1.12527848679808,-1.38629025600493,ok
203718330150,1.42538624312332,-1.18996295963404,ok
203718331372,0.993578656445959,-0.626292433283998,ok
203718332863,1.8513213932966,-1.41605634829185,ok
203718337690,0.377000912664471,-1.56412109117451,ok
203718338396,0.724468133570953,-0.496955687705985,ok
203718340391,1.07811726051372,-0.331557804821512,ok
203718489242,0.478893310256855,-1.27778118573685,ok
203718490625,1.05562008262786,-0.810134369458515,ok
203718491605,1.14816143492131,-0.625499076387476,ok
203718492608,0.706396926143042,-0.587866069257408,ok
203718493886,0.516606302154252,-1.38940973943831,ok
203718649928,0.839080705723455,-0.629322977796534,ok
203718652671,1.03454616103152,-0.205699437019646,ok
203718976840,0.659054414395063,0.0418366254644964,ok
203718977820,0.962227081345716,-0.925827994865794,ok
203718981208,0.626329752307443,-0.374130200348394,ok
203719238368,1.13259916547441,-0.924859228382262,ok
203719258725,0.887935748949992,0.421839807266753,ok
203719295884,0.696467927928171,-1.4250207997474,ok
203723032274_a,1.02683560431974,-1.89011884308385,ok
203723032274_b,1.08516894967845,-1.05330649715992,ok
203723032274_c,0.273915813603062,-1.13212468307848,ok
203723032274_d,0.118338962710558,-0.877480732978749,ok
203723037720_a,1.17313174560817,-1.03731342119151,ok
203723037720_b,0.922544387985685,-1.34958456870238,ok
203723037720_c,0.170054005410438,-1.36379714292943,ok
203723037720_d,0.422537525734095,-0.409655701295271,ok
203723394850,1.05856054859069,-0.445718950024836,ok
203723399483,0.726984406297015,-0.915755722703105,ok
203745216670,0.811194119184102,-1.83715716129483,ok
203745217611,1.06292658394713,-1.43880566461657,ok
203745273527,0.480172165142691,-0.936175295243432,ok
203746074992,1.90332293026625,-1.82809715771877,ok
203746089248,1.00279809747832,-1.44247533261879,ok
203746149919,1.47591751943328,-1.81791059666828,ok
203746151983,0.740943652080221,-2.26265774440768,ok
203746154992,1.48236548292552,-1.85608139423344,ok
203746277345,1.25831412888497,-1.60108074647625,ok
203746386558,1.04035995857037,-0.525117107019094,ok
203746545472_a,0.286566395467406,-2.31850680482083,ok
203746545472_b,1.26597149199696,-1.84094592367117,ok
203746545472_c,1.10320388698261,-1.66894228114511,ok
203746545472_d,0.530672966938525,-1.51542631070476,ok
203746834800,1.15298159535077,-0.896929857526364,ok
204241454838,0.844824645401525,-2.21238134559967,ok
204241455690,0.936548946254533,-1.91946541835277,ok
204241456505,0.343710677659655,-1.07119813445437,ok
204241457593,1.0383773406051,-1.94094136911652,ok
204241458407,0.813658285459103,-1.81201741761847,ok
204241459701,1.08496865743016,-1.63837304467134,ok
204241460670,1.06939106295908,-1.8257496734211,ok
204241461398,0.890889759489206,-2.16957293107252,ok
204241462497,0.951042100694194,-2.07892217779273,ok
204241463727,0.620046736488464,-1.5595248947332,ok
204241464903,0.837177068365824,-1.40440902442857,ok
204241465603,0.820814032508315,-1.48000587206139,ok
204241659175_a,1.12442570829773,-3.01699897455935,ok
204241659175_b,1.06082892949222,-2.18385629744241,ok
204241659175_c,1.19313430968046,-1.90881425542001,ok
204241659175_d,0.875077460298171,-2.74299632587077,ok
204241660212_a,0.199758687399255,-5.76969597742806,extreme_b
204241660212_b,0.51201559229993,-2.454766003691,ok
204241660212_c,0.914376860035028,-1.5508311333718,ok
204241660212_d,0.720510525407213,-1.85450877169096,ok
204241844857,0.943237992799902,-0.431228832668638,ok
204241857849,0.876103591164859,-0.073857506826393,ok
204245885982,1.12764768918082,-1.53387008173349,ok
204245886264,0.90512496745028,-2.75771559446344,ok
204245887802,0.830599361381919,-1.61084574756891,ok
204245888889,1.01055055975705,-2.00154375712744,ok
204245889484,1.42563957782666,-1.64379603185506,ok
204245890112,1.46609621871608,-1.65712036797533,ok
204245891834,1.43787980754851,-1.53201307061827,ok
204245892190,1.26331655014208,-1.39115126701997,ok
204245893137,1.17535523202809,-1.65760754302661,ok
204245894135,0.86945239612137,-1.40897316539608,ok
204245895856,1.24198261118293,-1.28786315245282,ok
204245896616,0.878799153552528,-1.45155292073939,ok
204249459428_a,0.125752908283285,-2.27362956250828,ok
204249459428_b,0.250651948342189,-0.874732380990466,ok
204249459428_c,0.432736415870922,-0.288377614159523,ok
204249459428_d,0.440807739851719,-0.667953305039959,ok
204249482912_a,1.35273302980492,-1.54098143961148,ok
204249482912_b,1.08206094183799,-2.12178299969725,ok
204249482912_c,0.976897142310166,-1.43172251941814,ok
204249482912_d,0.483971406865577,-2.11879099974338,ok
204249533954,1.08556058264733,-0.770431790092861,ok
204254243125,0.779796406471935,0.844988586646871,ok
204258025364,0.996797589198045,-1.5025171322033,ok
204258026437,1.69890418764319,-1.81431342206827,ok
204258027116,1.54427026610453,-1.52326798144124,ok
204258028439,1.5261727238162,-1.66087259313641,ok
204258029841,1.76090294422326,-1.47172769819944,ok
204258034890,1.6110296031079,-1.62196515267484,ok
204258043397,1.54797801263105,-1.27062045784894,ok
204258044344,1.0269507516579,-0.884720529394555,ok
204258056777,1.18671475033167,-1.7390836016706,ok
204258057622,1.08536059359269,-1.42034121696714,ok
204258059325,0.818679192416322,-0.864548909385772,ok
204258062814,1.26495123925453,-1.03301433910394,ok
204258479771_a,1.00433244413025,-2.9789752623139,ok
204258479771_b,0.869943815944023,-1.71411575322113,ok
204258479771_c,1.23501387535041,-1.23328249055761,ok
204258479771_d,0.671318210039334,-1.63203912655821,ok
204258481468_a,1.09911309512628,-2.12177528705191,ok
204258481468_b,0.983634659439459,-1.25310968610262,ok
204258481468_c,0.860602792979653,-1.26357274360075,ok
204258481468_d,0.710787658536176,-2.04707276730974,ok
204258569699,0.935823947770214,-0.253142899561833,ok
204258575454,0.82177045113073,0.713659466475206,ok
204272984399,1.32584657462768,-1.43418343484475,ok
204272985888,1.18930102542938,-1.35944541267605,ok
204272986620,0.596415176957316,-1.83226591337723,ok
204272987949,0.968075529959239,-1.75106116093609,ok
204272988532,0.925944353164848,-1.35801678529858,ok
204272989705,0.994148104857471,-0.805876231967439,ok
204272990929,1.04367852495386,-1.0645560500583,ok
204272991362,1.4177888737181,-0.518032593062923,ok
204272992589,0.301942066193868,4.66968839904591,ok
204272993531,0.567736749090393,3.15850997572055,ok
204272994353,1.14268134787451,-0.218812311417325,ok
204272995542,1.25345473998511,-0.656475286502011,ok
204272996346_a,0.860692541500719,-1.7218945215679,ok
204272996346_b,-0.00400557659717873,66.2695923123904,low_a
204272996346_c,0.710609428415361,-1.12889580677664,ok
204272996346_d,0.993580311563703,-0.784244800808671,ok
204272997490_a,0.760338699664727,-1.00860803701849,ok
204272997490_b,0.794167214880046,-1.05158067378736,ok
204272997490_c,0.700556967651147,-1.486054104056,ok
204272997490_d,1.26156239754691,-0.883100468591712,ok
204272998828,0.595625738244184,-2.11733021796906,ok
204272999293,0.463387879565704,-0.000884391672887033,ok
204273000127,1.1269479034809,0.0115522663985303,ok
204273001323,0.642331056028975,0.690374272942328,ok
204273002492,1.94867104377699,-1.3898191387719,ok
204273003551,2.07263082335822,-0.86171427849114,ok
204273004463,1.21464148343359,-0.837394497345251,ok
204273005335,2.19185060991996,-1.11360812514607,ok
204273006290,0.903669879657757,-1.18951196980544,ok
204273007141,1.11859637714765,-2.09872174473098,ok
204273008467,0.183228291747438,-2.77197494523558,ok
204273009962,1.31996172318986,-1.41288865059705,ok
204273010408,0.477987304357877,-1.09371377333685,ok
204273011690,1.34922397604786,-0.857855524212919,ok
204273012547,1.69118637465367,-0.0416888528218062,ok
204273013870,1.4482718641228,-0.752586252800171,ok
204273014120_a,0.386151462591326,-1.51940606058771,ok
204273014120_b,-0.0201168011339657,0.54813287248369,low_a
204273014120_c,-0.0326013129193746,-3.74902154648099,low_a
204273014120_d,0.571121595133616,-0.730691576223577,ok
204273015477,0.528507036532667,-1.32086345204594,ok
204273016322,0.464634809122446,-0.855358143384301,ok
204273017863,1.10853257398137,0.30342147934234,ok
204273018173,1.55158464875994,1.71406787823221,ok
204273019681,1.55196981473334,-1.33591497523363,ok
204273020529,0.357344808669047,-1.84043733926689,ok
204273021345,0.531658864635882,-2.0110480063139,ok
204273022728,-0.549000122186585,-4.13438144926196,low_a
204273023890,1.75332411501359,-1.31853816333025,ok
204273024910,1.97207185694613,-1.37599264926662,ok
204273025380,1.74354512118454,-1.35287537885605,ok
204273026992,1.18993210022972,-1.853748717779,ok
204273027825,1.75320770801773,-1.20739156401457,ok
204273028375,0.736764584796919,-2.49276437208011,ok
204273029153,1.66646312205836,-0.828073775329523,ok
204273030550,1.86775404577122,-1.32666723012546,ok
204273031923_a,1.04461487290996,-1.38118188452536,ok
204273031923_b,1.67597637661712,-0.785056595327741,ok
204273031923_c,0.941588666636435,-1.37504382270187,ok
204273031923_d,0.770099536068408,-0.721924514945623,ok
204273032193_a,0.740629321083277,-1.33061499512943,ok
204273032193_b,1.18579621175138,-0.682329871511005,ok
204273032193_c,1.02284463623175,-0.650964831858683,ok
204273032193_d,0.799123168010056,-1.02090057060222,ok
204273033441,1.01946364716566,1.31691155210294,ok
204273034490,1.49923019027239,1.24385749722754,ok
204273035822,1.79795172178479,-0.0374982262628976,ok
204273036586,1.37878976536298,-0.606243287698026,ok
204273037862,1.55838263358325,1.78054255335614,ok
204429622951,1.37697117945163,-1.84102526599592,ok
204429656397,1.14063310568835,-2.21288377650241,ok
204429892523,1.56528084964518,-1.5632796769907,ok
204429961422,1.34698423931536,-1.99755491049367,ok
204430067520,2.00796130621475,-1.53380398447727,ok
204430135768,0.208833435582164,0.725655248021208,ok
204430224976,1.52226067103661,-1.27436186592563,ok
204430246685,1.37204770446556,-1.52841621216411,ok
204430724940_a,1.68019332452155,-1.49064210677352,ok
204430724940_b,1.35483976162637,-1.88620896360552,ok
204430724940_c,1.28482382396921,-1.89077017742362,ok
204430724940_d,1.05390078058505,-1.59831014530449,ok
204431304134_a,1.25185964767697,-1.1905799685535,ok
204431304134_b,0.981481807841091,-2.26856411584113,ok
204431304134_c,0.965702588902051,-1.59498173701596,ok
204431304134_d,0.948137784453304,-1.23174353076013,ok
204441829186,1.16646578092474,-1.02627554073487,ok
204441832531,0.569611289230103,0.462695663539893,ok
